{
  "providers": [
    {
      "type": "bitmap",
      "file": "minecraft:font/glyph_E000",
      "ascent": 8,
      "height": 8,
      "chars": [
        "\uE000"
      ]
    },
    {
      "type": "drawevents",
      "events": {
        "on_draw_glyph": [
          {
            "type": "scale",
            "scale_x": 1.0,
            "scale_y": 1.0
          }
        ]
      }
    },
    {
      "type": "bitmap",
      "file": "minecraft:font/ascii_00",
      "ascent": 7,
      "height": 8,
      "chars": [
        /* restante da fonte normal... */
      ]
    }
  ]
}
